Designator,Mid X,Mid Y,Rotation,Layer
C1,20.8,-2.81,270.0,top
C10,-0.2,-5.2,270.0,top
C11,-3.1,-5.17,270.0,top
C12,-13.975,-13.78,90.0,top
C14,-8.8,21.82,90.0,top
C2,-2.9825,-16.9,270.0,top
C22,-5.2,-16.3,270.0,top
C23,-4.8,-13.9,90.0,top
C24,-12.8,-21.4,180.0,top
C25,-6.2825,-8.9,90.0,top
C26,0.0175,-8.5,180.0,top
C28,13.9,-14.53,270.0,top
C29,14.2,-21.23,180.0,top
C3,-5.02,2.3,180.0,top
C32,13.1,-3.56,270.0,top
C4,18.6,-1.09,270.0,top
C5,-7.7,21.82,90.0,top
C6,11.23,22.9,0.0,top
C7,15.23,22.9,0.0,top
C8,6.8,-14.9,90.0,top
C9,22.3,-8.83,90.0,top
D1,12.3,-12.53,90.0,top
D2,15.5,-12.43,90.0,top
D3,-5.02,3.4,180.0,top
J1,-3.6,6.6,0.0,top
J10,-21.9,-15.1,270.0,top
J11,3.6,-22.3,0.0,top
J12,-5.7,-22.3,0.0,top
J13,6.8,-22.3,0.0,top
J14,-21.9,-12.1,270.0,top
J15,-21.9,-9.1,270.0,top
J16,-21.9,-6.0,270.0,top
J17,-21.9,-3.0,270.0,top
J18,-21.9,0.0,270.0,top
J19,-16.0,-16.1,90.0,top
J3,-2.4,-22.3,0.0,top
J4,0.6,-22.3,0.0,top
J5,-13.7,-16.1,90.0,top
J6,-16.0,-13.5,90.0,top
J7,-14.1,21.4,180.0,top
J8,-14.1,19.2,180.0,top
J9,-14.1,17.0,180.0,top
JP1,-13.95,5.6,180.0,top
L2,19.1,-8.1,90.0,top
R1,15.9,-9.39,0.0,top
R10,-12.875,-13.8,270.0,top
R11,4.7,3.5,270.0,top
R12,11.23,24.1,0.0,top
R13,21.5,2.3,180.0,top
R15,15.3,24.06,0.0,top
R16,8.47,18.385,0.0,top
R17,8.47,17.4,0.0,top
R18,8.5,14.7,0.0,top
R19,8.47,15.715,0.0,top
R2,-1.2,-5.17,90.0,top
R20,-16.93,5.7,0.0,top
R21,-17.9,10.0,180.0,top
R22,-11.73,21.4,0.0,top
R23,7.8,-16.1,90.0,top
R24,11.1,-16.1,90.0,top
R25,-7.3825,-11.2,180.0,top
R26,1.5,-6.4,270.0,top
R27,3.7,-8.87,90.0,top
R3,-2.1,-5.17,90.0,top
R4,-10.0,21.82,90.0,top
R5,5.43,0.3,180.0,top
R6,17.1,-0.69,180.0,top
R7,15.8,-7.29,180.0,top
R9,21.5,15.6,180.0,top
SW2,11.23,18.8,270.0,top
SW3,15.1,18.8,270.0,top
TP21,9.2,-16.5,0.0,top
U1,-9.2,23.52,180.0,top
U10,0.0,18.7,0.0,top
U11,15.65,-3.61,180.0,top
U2,-13.4,12.9,0.0,top
U3,15.3,9.0,180.0,top
U4,13.8,-18.13,0.0,top
U5,0.0,0.0,0.0,top
U7,0.9175,-14.4,270.0,top
U8,-20.8,5.2,270.0,top
U9,-20.8,13.3,270.0,top
USB2,21.3,9.0,90.0,top
